target	kind	era	verdict	H1.init	H2.newer	H3.cold	D1.discover	D2.nometa	V1.header	V1.noheader	V2.mismatch	S1.session	S2.nosession	T1.tools	T2.badcursor	B1.batch	C1.cacheable	R1.resulttype	G1.get	I1.identity
astro-docs	http	2025-06-18	CONFORMANT*	pass	pass	obs	pass	-	pass	obs	-	na	-	pass	should!	pass	-	-	obs	pass
bastle-bridge-legacy	http	2026-07-28	NONCONFORMANT	pass	-	pass	pass	MUST!	-	-	MUST!	-	pass	pass	should!	pass	MUST!	MUST!	obs	pass
bastle-bridge-modern	http	2026-07-28	CONFORMANT*	pass	-	pass	pass	pass	-	-	pass	-	pass	pass	should!	pass	pass	pass	obs	pass
bastle-okffacade	http	2026-07-28	NONCONFORMANT	pass	-	na	pass	MUST!	-	-	na	-	pass	na	na	pass	na	pass	obs	pass
cloudflare-docs	http	2025-11-25	CONFORMANT*	pass	pass	obs	pass	-	pass	obs	-	na	-	pass	should!	pass	-	-	obs	pass
coingecko	http	2025-11-25	CONFORMANT*	pass	pass	obs	pass	-	pass	obs	-	pass	-	pass	should!	pass	-	-	obs	pass
context7-remote	http	2025-11-25	CONFORMANT*	pass	pass	obs	pass	-	pass	obs	-	na	-	pass	should!	pass	-	-	obs	pass
deepwiki	http	2025-11-25	CONFORMANT*	pass	pass	obs	pass	-	pass	obs	-	na	-	pass	should!	pass	-	-	obs	pass
gitmcp-docs	http	2025-03-26	NONCONFORMANT	pass	pass	obs	pass	-	-	-	-	pass	-	pass	should!	MUST!	-	-	obs	pass
gitmcp-mcp-repo	http	2025-03-26	NONCONFORMANT	pass	pass	obs	pass	-	-	-	-	pass	-	pass	should!	MUST!	-	-	obs	pass
huggingface	http	2025-11-25	NONCONFORMANT	pass	pass	obs	pass	-	pass	obs	-	pass	-	pass	should!	MUST!	-	-	obs	pass
mslearn	http	2025-06-18	NONCONFORMANT	pass	pass	obs	pass	-	pass	obs	-	MUST!	-	pass	should!	pass	-	-	obs	pass
py-arxiv	stdio	2025-11-25	CONFORMANT*	pass	pass	obs	pass	-	na	-	-	na	-	pass	should!	pass	-	-	-	pass
py-awsdocs	stdio	2025-11-25	CONFORMANT*	pass	pass	obs	pass	-	na	-	-	na	-	pass	should!	pass	-	-	-	pass
py-blender	stdio	2025-11-25	CONFORMANT*	pass	pass	obs	pass	-	na	-	-	na	-	pass	should!	pass	-	-	-	pass
py-calculator	stdio	2025-11-25	CONFORMANT*	pass	pass	obs	pass	-	na	-	-	na	-	pass	should!	pass	-	-	-	pass
py-ddg	stdio	2025-11-25	CONFORMANT*	pass	pass	obs	pass	-	na	-	-	na	-	pass	should!	pass	-	-	-	pass
py-excel	stdio	2025-11-25	CONFORMANT*	pass	pass	obs	pass	-	na	-	-	na	-	pass	should!	pass	-	-	-	pass
py-fetch	stdio	2025-11-25	CONFORMANT*	pass	pass	obs	pass	-	na	-	-	na	-	pass	should!	pass	-	-	-	pass
py-git	stdio	2025-11-25	CONFORMANT*	pass	pass	obs	pass	-	na	-	-	na	-	pass	should!	pass	-	-	-	pass
py-markitdown	stdio	2024-11-05	CONFORMANT*	pass	pass	obs	pass	-	-	-	-	-	-	pass	should!	obs	-	-	-	pass
py-sentry	stdio	2025-11-25	CONFORMANT*	pass	pass	obs	pass	-	na	-	-	na	-	pass	should!	pass	-	-	-	pass
py-sqlite	stdio	2025-11-25	CONFORMANT*	pass	pass	obs	pass	-	na	-	-	na	-	pass	should!	pass	-	-	-	pass
py-time	stdio	2025-11-25	CONFORMANT*	pass	pass	obs	pass	-	na	-	-	na	-	pass	should!	pass	-	-	-	pass
ref-awskb	stdio	2024-11-05	CONFORMANT*	pass	pass	obs	pass	-	-	-	-	-	-	pass	should!	obs	-	-	-	pass
ref-brave	stdio	2024-11-05	CONFORMANT*	pass	pass	obs	pass	-	-	-	-	-	-	pass	should!	obs	-	-	-	pass
ref-everart	stdio	2024-11-05	CONFORMANT*	pass	pass	obs	pass	-	-	-	-	-	-	pass	should!	obs	-	-	-	pass
ref-everything	stdio	2025-11-25	CONFORMANT*	pass	pass	obs	pass	-	na	-	-	na	-	pass	should!	pass	-	-	-	pass
ref-filesystem	stdio	2025-11-25	CONFORMANT*	pass	pass	obs	pass	-	na	-	-	na	-	pass	should!	pass	-	-	-	pass
ref-github	stdio	2024-11-05	CONFORMANT*	pass	pass	obs	pass	-	-	-	-	-	-	pass	should!	obs	-	-	-	pass
ref-gitlab	stdio	2024-11-05	CONFORMANT*	pass	pass	obs	pass	-	-	-	-	-	-	pass	should!	obs	-	-	-	pass
ref-gmaps	stdio	2024-11-05	CONFORMANT*	pass	pass	obs	pass	-	-	-	-	-	-	pass	should!	obs	-	-	-	pass
ref-memory	stdio	2025-11-25	CONFORMANT*	pass	pass	obs	pass	-	na	-	-	na	-	pass	should!	pass	-	-	-	pass
ref-postgres	stdio	2024-11-05	CONFORMANT*	pass	pass	obs	pass	-	-	-	-	-	-	pass	should!	obs	-	-	-	pass
ref-puppeteer	stdio	2024-11-05	CONFORMANT*	pass	pass	obs	pass	-	-	-	-	-	-	pass	should!	obs	-	-	-	pass
ref-seqthinking	stdio	2025-11-25	CONFORMANT*	pass	pass	obs	pass	-	na	-	-	na	-	pass	should!	pass	-	-	-	pass
ref-slack	stdio	2024-11-05	CONFORMANT*	pass	pass	obs	pass	-	-	-	-	-	-	pass	should!	obs	-	-	-	pass
tp-airbnb	stdio	2025-11-25	CONFORMANT*	pass	pass	obs	pass	-	na	-	-	na	-	pass	should!	pass	-	-	-	pass
tp-context7	stdio	2025-11-25	CONFORMANT*	pass	pass	obs	obs	-	na	-	-	na	-	pass	should!	pass	-	-	-	pass
tp-context7-modern	stdio	2026-07-28	NONCONFORMANT	obs	-	pass	MUST!	pass	-	-	MUST!	-	na	pass	should!	pass	MUST!	MUST!	-	unreached
tp-desktop-cmd	stdio	2025-11-25	CONFORMANT*	pass	pass	obs	pass	-	na	-	-	na	-	pass	should!	pass	-	-	-	pass
tp-ea-playwright	stdio	2025-11-25	CONFORMANT*	pass	pass	obs	pass	-	na	-	-	na	-	pass	should!	pass	-	-	-	pass
tp-exa	stdio	2025-11-25	CONFORMANT*	pass	pass	obs	pass	-	na	-	-	na	-	pass	should!	pass	-	-	-	pass
tp-firecrawl	stdio	2025-11-25	CONFORMANT*	pass	pass	obs	pass	-	na	-	-	na	-	pass	should!	pass	-	-	-	pass
tp-kubernetes	stdio	2025-11-25	CONFORMANT*	pass	pass	obs	pass	-	na	-	-	na	-	pass	should!	pass	-	-	-	pass
tp-notion	stdio	2025-11-25	CONFORMANT*	pass	pass	obs	pass	-	na	-	-	na	-	pass	should!	pass	-	-	-	pass
tp-playwright	stdio	2025-11-25	CONFORMANT*	pass	pass	obs	pass	-	na	-	-	na	-	pass	should!	pass	-	-	-	pass
tp-tavily	stdio	2025-11-25	CONFORMANT*	pass	pass	obs	pass	-	na	-	-	na	-	pass	should!	pass	-	-	-	pass
